Timestamp,Username,VideoID,Comment,Date,Cleaning,Normalisasi,Tokenization,Stopwords_Removal,Stemming,Translated,Sentiment_polarity,Sentiment
2024-07-23T14:20:40Z,@yusufefendi2642,FE4iq7BzZAA,Lah kok anaknya gak ikut bertarung  pilpres .. lemah,2024-07-23T14:20:40Z,lah kok anaknya gak ikut bertarung pilpres lemah,lah kok anaknya tidak ikut bertarung pilpres lemah,"['lah', 'kok', 'anaknya', 'tidak', 'ikut', 'bertarung', 'pilpres', 'lemah']","['anaknya', 'bertarung', 'pilpres', 'lemah']",anak tarung pilpres lemah,weak presidential election contenders,-0.375,negative
2024-07-23T09:59:54Z,@oryzahamstersumenep3624,FE4iq7BzZAA,Dia udah gak layak emang ğŸ˜‚ waktunya pensiun,2024-07-23T09:59:54Z,dia udah gak layak emang waktunya pensiun,dia sudah tidak layak memang waktunya pensiun,"['dia', 'sudah', 'tidak', 'layak', 'memang', 'waktunya', 'pensiun']","['layak', 'pensiun']",layak pensiun,worthy of retirement,0.3333333333333333,positive
2024-07-23T06:02:06Z,@artisbokep9450,FE4iq7BzZAA,"joe biden adalah salah satu dari 2 president terburuk Amerika hingga saat ini,mungkin karena tidak ingin menjadi yang pertama,dan agak susah turun peringkat 3 lebih baik mundur ya pakğŸ˜‚",2024-07-23T06:02:06Z,joe biden adalah salah satu dari president terburuk amerika hingga saat inimungkin karena tidak ingin menjadi yang pertamadan agak susah turun peringkat lebih baik mundur ya pak,joe biden adalah salah satu dari president terburuk amerika hingga saat inimungkin karena tidak ingin menjadi yang pertamadan agak susah turun peringkat lebih baik mundur ya pak,"['joe', 'biden', 'adalah', 'salah', 'satu', 'dari', 'president', 'terburuk', 'amerika', 'hingga', 'saat', 'inimungkin', 'karena', 'tidak', 'ingin', 'menjadi', 'yang', 'pertamadan', 'agak', 'susah', 'turun', 'peringkat', 'lebih', 'baik', 'mundur', 'ya', 'pak']","['joe', 'biden', 'salah', 'president', 'terburuk', 'amerika', 'inimungkin', 'pertamadan', 'susah', 'turun', 'peringkat', 'mundur']",joe biden salah president buruk amerika inimungkin pertamadan susah turun peringkat mundur,"Joe Biden is one of America's worst presidents, perhaps the first and most difficult to move down the rankings",-0.1811111111111111,negative
2024-07-23T02:45:53Z,@Davidnur418,FE4iq7BzZAA,Hillary Clinton aja kalah apalagi Kamala Harris,2024-07-23T02:45:53Z,hillary clinton aja kalah apalagi kamala harris,hillary clinton saja kalah apalagi kamala harris,"['hillary', 'clinton', 'saja', 'kalah', 'apalagi', 'kamala', 'harris']","['hillary', 'clinton', 'kalah', 'kamala', 'harris']",hillary clinton kalah kamala harris,hillary clinton loses to kamala harris,-0.3,negative
2024-07-23T00:38:02Z,@user-zz5gb9di6g,FE4iq7BzZAA,Habis mundur trs sakit trs modarğŸ˜‚,2024-07-23T00:38:02Z,habis mundur trs sakit trs modar,habis mundur terus sakit terus modar,"['habis', 'mundur', 'terus', 'sakit', 'terus', 'modar']","['habis', 'mundur', 'sakit', 'modar']",habis mundur sakit modar,After withdrawing I got sick,-0.7142857142857143,negative
2024-07-22T23:57:57Z,@muhammadharits3237,FE4iq7BzZAA,Sekarang waktunya Kamala Harris ğŸ™ğŸ™ğŸ™ğŸ‘ğŸ‘ğŸ™‚ğŸ™‚,2024-07-22T23:57:57Z,sekarang waktunya kamala harris,sekarang waktunya kamala harris,"['sekarang', 'waktunya', 'kamala', 'harris']","['kamala', 'harris']",kamala harris,kamala harris,0.0,neutral
2024-07-22T23:56:49Z,@muhammadharits3237,FE4iq7BzZAA,Sejahat jahatnya Biden msh lebih jahat Trump !!!,2024-07-22T23:56:49Z,sejahat jahatnya biden msh lebih jahat trump,sejahat jahatnya biden masih lebih jahat trump,"['sejahat', 'jahatnya', 'biden', 'masih', 'lebih', 'jahat', 'trump']","['sejahat', 'jahatnya', 'biden', 'jahat', 'trump']",jahat jahat biden jahat trump,bad bad biden bad trump,-0.6999999999999998,negative
2024-07-22T23:45:10Z,@AhmadKhoerudin-n7s,FE4iq7BzZAA,Kalau mencalonkan pagi juga rakyatnya tidak akan memilihnya,2024-07-22T23:45:10Z,kalau mencalonkan pagi juga rakyatnya tidak akan memilihnya,kalau mencalonkan pagi juga rakyatnya tidak akan memilihnya,"['kalau', 'mencalonkan', 'pagi', 'juga', 'rakyatnya', 'tidak', 'akan', 'memilihnya']","['mencalonkan', 'pagi', 'rakyatnya', 'memilihnya']",calon pagi rakyat pilih,morning candidate the people choose,0.0,neutral
2024-07-22T19:08:41Z,@nengsarah2838,FE4iq7BzZAA,haha,2024-07-22T19:08:41Z,haha,haha,['haha'],['haha'],haha,haha,0.2,positive
2024-07-22T18:57:36Z,@gemalacahayapurnamashanty1443,FE4iq7BzZAA,Trump vs Kamala bakal seru.. tapi najong amat gue dukung Kamala,2024-07-22T18:57:36Z,trump vs kamala bakal seru tapi najong amat gue dukung kamala,trump vs kamala bakal seru tapi najong amat gue dukung kamala,"['trump', 'vs', 'kamala', 'bakal', 'seru', 'tapi', 'najong', 'amat', 'gue', 'dukung', 'kamala']","['trump', 'vs', 'kamala', 'seru', 'najong', 'gue', 'dukung', 'kamala']",trump vs kamala seru najong gue dukung kamala,Trump vs. Kamala is very exciting. I support Kamala,0.39,positive
2024-07-22T18:56:34Z,@gemalacahayapurnamashanty1443,FE4iq7BzZAA,Not in a million i will support Kamala,2024-07-22T18:56:34Z,not in a million i will support kamala,not ini a million i will support kamala,"['not', 'ini', 'a', 'million', 'i', 'will', 'support', 'kamala']","['not', 'a', 'million', 'i', 'will', 'support', 'kamala']",not a million i will support kamala,not a million i will support kamala,0.0,neutral
2024-07-22T17:24:08Z,@genx9422,FE4iq7BzZAA,Trump temannya Putin.. AS &amp; Rusia bersahabat,2024-07-22T17:24:08Z,trump temannya putin as rusia bersahabat,trump temannya putin as rusia bersahabat,"['trump', 'temannya', 'putin', 'as', 'rusia', 'bersahabat']","['trump', 'temannya', 'putin', 'as', 'rusia', 'bersahabat']",trump teman putin as rusia sahabat,trump is a friend of putin's us russia's friend,0.0,neutral
2024-07-22T16:44:10Z,@apendifa9047,FE4iq7BzZAA,"Biden mau pun trum,sama saja pengacau dunia.",2024-07-22T16:44:10Z,biden mau pun trumsama saja pengacau dunia,biden mau pun trumsama saja pengacau dunia,"['biden', 'mau', 'pun', 'trumsama', 'saja', 'pengacau', 'dunia']","['biden', 'trumsama', 'pengacau', 'dunia']",biden trumsama acau dunia,Biden Trump is really messing up the world,0.2,positive
2024-07-22T15:35:31Z,@AL0001,FE4iq7BzZAA,"SIap2 dollar,Bitcoin,alt coin,saham Amerika bakal naik",2024-07-22T15:35:31Z,siap2 dollarbitcoinalt coinsaham amerika bakal naik,siap2 dollarbitcoinalt coinsaham amerika bakal naik,"['siap2', 'dollarbitcoinalt', 'coinsaham', 'amerika', 'bakal', 'naik']","['siap2', 'dollarbitcoinalt', 'coinsaham', 'amerika']",siap2 dollarbitcoinalt coinsaham amerika,siap2 dollarbitcoinalt coinsaham amerika,0.0,neutral
2024-07-22T14:26:12Z,@Squadfrent,FE4iq7BzZAA,dua duanya nya tua bangka penjahat perang genosida bagi palestina ğŸ˜¡,2024-07-22T14:26:12Z,dua duanya nya tua bangka penjahat perang genosida bagi palestina,dua duanya ya tua bangka penjahat perang genosida bagi palestina,"['dua', 'duanya', 'ya', 'tua', 'bangka', 'penjahat', 'perang', 'genosida', 'bagi', 'palestina']","['duanya', 'tua', 'bangka', 'penjahat', 'perang', 'genosida', 'palestina']",dua tua bangka jahat perang genosida palestina,two evil old farts palestinian genocide war,-0.45,negative
2024-07-22T14:09:12Z,@rikosyafriadi7246,FE4iq7BzZAA,Di konoha manusia gorong2 ga sadar diri muka tembok,2024-07-22T14:09:12Z,di konoha manusia gorong2 ga sadar diri muka tembok,di konoha manusia gorong2 tidak sadar diri muka tembok,"['di', 'konoha', 'manusia', 'gorong2', 'tidak', 'sadar', 'diri', 'muka', 'tembok']","['konoha', 'manusia', 'gorong2', 'sadar', 'muka', 'tembok']",konoha manusia gorong2 sadar muka tembok,"Konoha, the people of the sewers, realized that they were facing the wall",0.0,neutral
2024-07-22T13:23:46Z,@user-ld1fx2yp4x,FE4iq7BzZAA,Takut mau di tembak kayak trump mungkin..ğŸ˜…ğŸ˜…ğŸ˜…,2024-07-22T13:23:46Z,takut mau di tembak kayak trump mungkin,takut mau di tembak kayak trump mungkin,"['takut', 'mau', 'di', 'tembak', 'kayak', 'trump', 'mungkin']","['takut', 'tembak', 'kayak', 'trump']",takut tembak kayak trump,afraid to shoot like Trump,-0.6,negative
2024-07-22T12:53:10Z,@aru9138,FE4iq7BzZAA,Bersyukur,2024-07-22T12:53:10Z,bersyukur,bersyukur,['bersyukur'],['bersyukur'],syukur,gratitude,0.0,neutral
2024-07-22T12:46:29Z,@EmperorArcanine89,FE4iq7BzZAA,Salah sendiri terlalu jompo wkwkwk,2024-07-22T12:46:29Z,salah sendiri terlalu jompo wkwkwk,salah sendiri terlalu jompo wkwkwk,"['salah', 'sendiri', 'terlalu', 'jompo', 'wkwkwk']","['salah', 'jompo', 'wkwkwk']",salah jompo wkwkwk,decrepit mistake hahaha,0.2,positive
2024-07-22T12:15:40Z,@user-jq7ro6xs2n,FE4iq7BzZAA,Michelle Obama atau Bernie Sanders dua&quot;nya sih tokoh bagus juga tokoh alternatif ada Yang Gang.,2024-07-22T12:17:12Z,michelle obama atau bernie sanders duanya sih tokoh bagus juga tokoh alternatif ada yang gang,michelle obama atau bernie sanders duanya sih tokoh bagus juga tokoh alternatif ada yang gang,"['michelle', 'obama', 'atau', 'bernie', 'sanders', 'duanya', 'sih', 'tokoh', 'bagus', 'juga', 'tokoh', 'alternatif', 'ada', 'yang', 'gang']","['michelle', 'obama', 'bernie', 'sanders', 'duanya', 'sih', 'tokoh', 'bagus', 'tokoh', 'alternatif', 'gang']",michelle obama bernie sanders dua sih tokoh bagus tokoh alternatif gang,michelle obama bernie sanders two really good characters alternative gang characters,0.7,positive
2024-07-22T12:03:44Z,@andysignergy,FE4iq7BzZAA,"Lagian robot ko bisa jadi presiden, ğŸ˜‚ğŸ˜‚",2024-07-22T12:03:44Z,lagian robot ko bisa jadi presiden,lagian robot kok bisa jadi presiden,"['lagian', 'robot', 'kok', 'bisa', 'jadi', 'presiden']","['robot', 'presiden']",robot presiden,presidential robot,0.0,neutral
2024-07-22T11:50:39Z,@panjiprakoso-zk8kp,FE4iq7BzZAA,Lah auto terpilih dong trump,2024-07-22T11:50:39Z,lah auto terpilih dong trump,lah auto terpilih dong trump,"['lah', 'auto', 'terpilih', 'dong', 'trump']","['auto', 'terpilih', 'trump']",auto pilih trump,auto select trump,0.0,neutral
2024-07-22T11:28:41Z,@mikhaelantonio9410,FE4iq7BzZAA,81 tahun masih nyalon edan sihğŸ˜…,2024-07-22T11:28:41Z,tahun masih nyalon edan sih,tahun masih nyalon edan sih,"['tahun', 'masih', 'nyalon', 'edan', 'sih']","['nyalon', 'edan', 'sih']",nyalon edan sih,It's crazy,-0.6,negative
2024-07-22T11:19:00Z,@andikchristian5834,FE4iq7BzZAA,"Taktik Demokrat nyuruh Biden mundur karena sudah no hope. <br>Justru Trump deg2an sekarang, mungkinkah pengganti Biden akan mempersulit dia.",2024-07-22T11:19:00Z,taktik demokrat nyuruh biden mundur karena sudah no hope justru trump deg2an sekarang mungkinkah pengganti biden akan mempersulit dia,taktik demokrat nyuruh biden mundur karena sudah no hope justru trump deg-degan sekarang mungkinkah pengganti biden akan mempersulit dia,"['taktik', 'demokrat', 'nyuruh', 'biden', 'mundur', 'karena', 'sudah', 'no', 'hope', 'justru', 'trump', 'deg-degan', 'sekarang', 'mungkinkah', 'pengganti', 'biden', 'akan', 'mempersulit', 'dia']","['taktik', 'demokrat', 'nyuruh', 'biden', 'mundur', 'no', 'hope', 'trump', 'deg-degan', 'pengganti', 'biden', 'mempersulit']",taktik demokrat nyuruh biden mundur no hope trump deg-degan ganti biden sulit,"Democrat tactics to tell Biden to step down, no hope, Trump is nervous about replacing Biden, it's difficult",-0.3277777777777778,negative
2024-07-22T10:28:10Z,@YadihindraYadi,FE4iq7BzZAA,ğŸ˜‚ğŸ˜‚ğŸ˜‚ğŸ˜…,2024-07-22T10:28:10Z,,,[],[],,,0.0,neutral
2024-07-22T10:25:59Z,@AgusSalim-fk1jd,FE4iq7BzZAA,"Elit politik yg punya moral, tidak haus kekuasaan ğŸ‘",2024-07-22T10:25:59Z,elit politik yg punya moral tidak haus kekuasaan,elit politik yang punya moral tidak haus kekuasaan,"['elit', 'politik', 'yang', 'punya', 'moral', 'tidak', 'haus', 'kekuasaan']","['elit', 'politik', 'moral', 'haus', 'kekuasaan']",elit politik moral haus kuasa,the moral political elite is power hungry,0.0,neutral
2024-07-22T10:10:24Z,@aliefr.p.official5203,FE4iq7BzZAA,TRump VS Cewek,2024-07-22T10:10:24Z,trump vs cewek,trump vs cewek,"['trump', 'vs', 'cewek']","['trump', 'vs', 'cewek']",trump vs cewek,Trump vs Girl,0.0,neutral
2024-07-22T09:59:43Z,@kanjiroohimamoto5684,FE4iq7BzZAA,"Padahal gua ngedukung si biden, biar makin ancur amerika klo biden jdi presiden ğŸ˜‚ğŸ˜‚",2024-07-22T09:59:43Z,padahal gua ngedukung si biden biar makin ancur amerika klo biden jdi presiden,padahal gua mendukung sih biden biar makin hancur amerika kalau biden jadi presiden,"['padahal', 'gua', 'mendukung', 'sih', 'biden', 'biar', 'makin', 'hancur', 'amerika', 'kalau', 'biden', 'jadi', 'presiden']","['gua', 'mendukung', 'sih', 'biden', 'biar', 'hancur', 'amerika', 'biden', 'presiden']",gua dukung sih biden biar hancur amerika biden presiden,I support Biden so that America can be destroyed by President Biden,0.0,neutral
2024-07-22T09:53:15Z,@suwandawanda1412,FE4iq7BzZAA,Alhamdulillah gak ada yang abadi di dunia ini semoga cepat bertemu malaikat Izrail ya ğŸ‡®ğŸ‡©ğŸ‡µğŸ‡¸,2024-07-22T09:53:15Z,alhamdulillah gak ada yang abadi di dunia ini semoga cepat bertemu malaikat izrail ya,alhamdulillah tidak ada yang abadi di dunia ini semoga cepat bertemu malaikat izrail ya,"['alhamdulillah', 'tidak', 'ada', 'yang', 'abadi', 'di', 'dunia', 'ini', 'semoga', 'cepat', 'bertemu', 'malaikat', 'izrail', 'ya']","['alhamdulillah', 'abadi', 'dunia', 'semoga', 'cepat', 'bertemu', 'malaikat', 'izrail']",alhamdulillah abadi dunia moga cepat temu malaikat izrail,"Alhamdulillah, the world is eternal, may you soon meet the angel of Israel",0.0,neutral
2024-07-22T09:41:19Z,@mahesaadam4247,FE4iq7BzZAA,"Jadi gini teori konspirasi nya.<br>Biden membayar seorang penembak jitu (sniper) untuk menghabisi Donald Trump, agar lebih mudah untuk memenangkan pilpres mendatang.<br>Tapi sayangnya gagal, sang penembak jitu harus tewas seketika ketika di tembak balik oleh secret service Amerika.<br>Dan itu membuat Biden putus asa dan malu jika harus terus bersaing dengan Trump yg jelas lebih unggul dan kuat.<br>Itulah alasannya kenapa Biden mundur dari pilpres <br><br><br>Fyi ini cmn teori konspirasi aja yak",2024-07-22T09:42:45Z,jadi gini teori konspirasi nya biden membayar seorang penembak jitu sniper untuk menghabisi donald trump agar lebih mudah untuk memenangkan pilpres mendatang tapi sayangnya gagal sang penembak jitu harus tewas seketika ketika di tembak balik oleh secret service amerika dan itu membuat biden putus asa dan malu jika harus terus bersaing dengan trump yg jelas lebih unggul dan kuat itulah alasannya kenapa biden mundur dari pilpres fyi ini cmn teori konspirasi aja yak,jadi begini teori konspirasi ya biden membayar seorang penembak jitu sniper untuk menghabisi donald trump agar lebih mudah untuk memenangkan pilpres mendatang tapi sayangnya gagal sang penembak jitu harus tewas seketika ketika di tembak balik oleh secret service amerika dan itu membuat biden putus asa dan malu jika harus terus bersaing dengan trump yang jelas lebih unggul dan kuat itulah alasannya kenapa biden mundur dari pilpres fyi ini cuman teori konspirasi saja ya,"['jadi', 'begini', 'teori', 'konspirasi', 'ya', 'biden', 'membayar', 'seorang', 'penembak', 'jitu', 'sniper', 'untuk', 'menghabisi', 'donald', 'trump', 'agar', 'lebih', 'mudah', 'untuk', 'memenangkan', 'pilpres', 'mendatang', 'tapi', 'sayangnya', 'gagal', 'sang', 'penembak', 'jitu', 'harus', 'tewas', 'seketika', 'ketika', 'di', 'tembak', 'balik', 'oleh', 'secret', 'service', 'amerika', 'dan', 'itu', 'membuat', 'biden', 'putus', 'asa', 'dan', 'malu', 'jika', 'harus', 'terus', 'bersaing', 'dengan', 'trump', 'yang', 'jelas', 'lebih', 'unggul', 'dan', 'kuat', 'itulah', 'alasannya', 'kenapa', 'biden', 'mundur', 'dari', 'pilpres', 'fyi', 'ini', 'cuman', 'teori', 'konspirasi', 'saja', 'ya']","['teori', 'konspirasi', 'biden', 'membayar', 'penembak', 'jitu', 'sniper', 'menghabisi', 'donald', 'trump', 'mudah', 'memenangkan', 'pilpres', 'sayangnya', 'gagal', 'sang', 'penembak', 'jitu', 'tewas', 'tembak', 'secret', 'service', 'amerika', 'biden', 'putus', 'asa', 'malu', 'bersaing', 'trump', 'unggul', 'kuat', 'alasannya', 'biden', 'mundur', 'pilpres', 'fyi', 'cuman', 'teori', 'konspirasi']",teori konspirasi biden bayar tembak jitu sniper habis donald trump mudah menang pilpres sayang gagal sang tembak jitu tewas tembak secret service amerika biden putus asa malu saing trump unggul kuat alas biden mundur pilpres fyi cuman teori konspirasi,"Conspiracy theory Biden paid for sniper sniper shooting ended Donald Trump easily won the presidential election, unfortunately the sniper failed, the sniper was killed by the American secret service, Biden is desperate, embarrassed, competitive, Trump has a strong lead, Alas, Biden withdrew from the presidential election, FYI, it's just a conspiracy theory",-0.1925925925925926,negative
2024-07-22T08:51:11Z,@matteobruni-wb9bi,FE4iq7BzZAA,"Mending punya etika, gak kaya konoha",2024-07-22T08:51:11Z,mending punya etika gak kaya konoha,mending punya etika tidak kayak konoha,"['mending', 'punya', 'etika', 'tidak', 'kayak', 'konoha']","['mending', 'etika', 'kayak', 'konoha']",mending etika kayak konoha,Better ethics like Konoha,0.5,positive
2024-07-22T08:48:23Z,@tiongabang9501,FE4iq7BzZAA,Gara - gara sniper nihğŸ˜ŠğŸ˜ŠğŸ˜Š,2024-07-22T08:48:23Z,gara gara sniper nih,gara gara sniper nih,"['gara', 'gara', 'sniper', 'nih']","['gara', 'gara', 'sniper', 'nih']",gara gara sniper nih,it's because of the sniper,0.0,neutral
2024-07-22T08:32:21Z,@RiaJumika,FE4iq7BzZAA,"Udh akiÂ² lebih baik banyak beramal sholeh dan berbuat baik,ga ush sibuk dgn dunia,krn sebentar lagi dunia yg akan meninggalkan mu,dan apa telah di lakukan semasa hdp akan di mintai pertanggung jwaban,di saat itulah diri akn menyesal",2024-07-22T08:32:21Z,udh aki lebih baik banyak beramal sholeh dan berbuat baikga ush sibuk dgn duniakrn sebentar lagi dunia yg akan meninggalkan mudan apa telah di lakukan semasa hdp akan di mintai pertanggung jwabandi saat itulah diri akn menyesal,sudah aki lebih baik banyak beramal sholeh dan berbuat baikga usah sibuk dengan duniakrn sebentar lagi dunia yang akan meninggalkan mudan apa telah di lakukan semasa hidup akan di mintai pertanggung jwabandi saat itulah diri akan menyesal,"['sudah', 'aki', 'lebih', 'baik', 'banyak', 'beramal', 'sholeh', 'dan', 'berbuat', 'baikga', 'usah', 'sibuk', 'dengan', 'duniakrn', 'sebentar', 'lagi', 'dunia', 'yang', 'akan', 'meninggalkan', 'mudan', 'apa', 'telah', 'di', 'lakukan', 'semasa', 'hidup', 'akan', 'di', 'mintai', 'pertanggung', 'jwabandi', 'saat', 'itulah', 'diri', 'akan', 'menyesal']","['aki', 'beramal', 'sholeh', 'berbuat', 'baikga', 'sibuk', 'duniakrn', 'sebentar', 'dunia', 'meninggalkan', 'mudan', 'lakukan', 'hidup', 'mintai', 'pertanggung', 'jwabandi', 'menyesal']",aki amal sholeh buat baikga sibuk duniakrn sebentar dunia tinggal mud laku hidup minta tanggung jwabandi sesal,"The act of good deeds is good for not being busy with the world, because for a while the world is just young, selling life, asking for responsibility and regrets",0.3,positive
2024-07-22T08:04:55Z,@user-yp2ck5zy8g,FE4iq7BzZAA,"Negara maju ya begitu ğŸ‘,klau sdh tidak becus dlm segala langsung mundur sja, apalagi diduga terlibat penembakan capres trump.<br>Tp klau di negeri ini oknum menteri yg nggak becus malah dianggap hebat,omonÂ²,nggak berilmu,tdk berprestasi dll,malah semakin ngawur dinstitusinya",2024-07-22T08:04:55Z,negara maju ya begitu klau sdh tidak becus dlm segala langsung mundur sja apalagi diduga terlibat penembakan capres trump tp klau di negeri ini oknum menteri yg nggak becus malah dianggap hebatomonnggak berilmutdk berprestasi dllmalah semakin ngawur dinstitusinya,negara maju ya begitu kalau sudah tidak becus dalam segala langsung mundur saja apalagi diduga terlibat penembakan capres trump tapi kalau di negeri ini oknum menteri yang tidak becus malah dianggap hebatomonnggak berilmutdk berprestasi dllmalah semakin ngawur dinstitusinya,"['negara', 'maju', 'ya', 'begitu', 'kalau', 'sudah', 'tidak', 'becus', 'dalam', 'segala', 'langsung', 'mundur', 'saja', 'apalagi', 'diduga', 'terlibat', 'penembakan', 'capres', 'trump', 'tapi', 'kalau', 'di', 'negeri', 'ini', 'oknum', 'menteri', 'yang', 'tidak', 'becus', 'malah', 'dianggap', 'hebatomonnggak', 'berilmutdk', 'berprestasi', 'dllmalah', 'semakin', 'ngawur', 'dinstitusinya']","['negara', 'maju', 'becus', 'langsung', 'mundur', 'diduga', 'terlibat', 'penembakan', 'capres', 'trump', 'negeri', 'oknum', 'menteri', 'becus', 'dianggap', 'hebatomonnggak', 'berilmutdk', 'berprestasi', 'dllmalah', 'ngawur', 'dinstitusinya']",negara maju becus langsung mundur duga libat tembak capres trump negeri oknum menteri becus anggap hebatomonnggak berilmutdk prestasi dllmalah ngawur dinstitusinya,"Developed countries can immediately resign alleging that they were involved in shooting Trump's presidential candidate. Ministers can think that they are great, they don't have knowledge, they don't have achievements, etc. In fact, their institutions are inconsequential",0.45,positive
2024-07-22T08:01:16Z,@seftylianihrp4590,FE4iq7BzZAA,Nggak kuat jantungnya dengar gertakan Putin makanya g mau diperpanjang lagi itu artinya perang rusia Ukraina akan selesai dan Ukraina menyerah,2024-07-22T08:01:16Z,nggak kuat jantungnya dengar gertakan putin makanya g mau diperpanjang lagi itu artinya perang rusia ukraina akan selesai dan ukraina menyerah,tidak kuat jantungnya dengar gertakan putin makanya tidak mau diperpanjang lagi itu artinya perang rusia ukraina akan selesai dan ukraina menyerah,"['tidak', 'kuat', 'jantungnya', 'dengar', 'gertakan', 'putin', 'makanya', 'tidak', 'mau', 'diperpanjang', 'lagi', 'itu', 'artinya', 'perang', 'rusia', 'ukraina', 'akan', 'selesai', 'dan', 'ukraina', 'menyerah']","['kuat', 'jantungnya', 'dengar', 'gertakan', 'putin', 'diperpanjang', 'perang', 'rusia', 'ukraina', 'selesai', 'ukraina', 'menyerah']",kuat jantung dengar gertak putin panjang perang rusia ukraina selesai ukraina serah,"Have a strong heart, listen to Putin's long bluff, the Russian-Ukrainian war is over, Ukraine surrenders",0.19166666666666668,positive
2024-07-22T07:56:13Z,@fatimzahro8776,FE4iq7BzZAA,"Wantunya sitirahat, biar dunia aman",2024-07-22T07:56:13Z,wantunya sitirahat biar dunia aman,wantunya sitirahat biar dunia aman,"['wantunya', 'sitirahat', 'biar', 'dunia', 'aman']","['wantunya', 'sitirahat', 'biar', 'dunia', 'aman']",wantunya sitirahat biar dunia aman,I want to rest so that the world is safe,0.5,positive
2024-07-22T07:39:52Z,@user-re1rs6nq9m,FE4iq7BzZAA,Klu soal keamanan dunia Trump gak suka perang lebih suka perang ekonomi lawannya pun sejajar Tiongkok TPI klu soal Palestina Trump lebih ganas dari pada biden,2024-07-22T07:39:52Z,klu soal keamanan dunia trump gak suka perang lebih suka perang ekonomi lawannya pun sejajar tiongkok tpi klu soal palestina trump lebih ganas dari pada biden,kalau soal keamanan dunia trump tidak suka perang lebih suka perang ekonomi lawannya pun sejajar tiongkok tapi kalau soal palestina trump lebih ganas dari pada biden,"['kalau', 'soal', 'keamanan', 'dunia', 'trump', 'tidak', 'suka', 'perang', 'lebih', 'suka', 'perang', 'ekonomi', 'lawannya', 'pun', 'sejajar', 'tiongkok', 'tapi', 'kalau', 'soal', 'palestina', 'trump', 'lebih', 'ganas', 'dari', 'pada', 'biden']","['keamanan', 'dunia', 'trump', 'suka', 'perang', 'suka', 'perang', 'ekonomi', 'lawannya', 'sejajar', 'tiongkok', 'palestina', 'trump', 'ganas', 'biden']",aman dunia trump suka perang suka perang ekonomi lawan sejajar tiongkok palestina trump ganas biden,"Safe world, Trump likes war, likes economic war, parallel opponents, China, Palestine, Trump is vicious, Biden",-0.07500000000000001,negative
2024-07-22T07:31:25Z,@dedydarmawan1762,FE4iq7BzZAA,ga perduli,2024-07-22T07:31:25Z,ga perduli,tidak perduli,"['tidak', 'perduli']",['perduli'],duli,duli,0.0,neutral
2024-07-22T07:28:31Z,@Lee.Hsien-Yung,FE4iq7BzZAA,Joe Biden memang pantas untuk mundur daripada ikut nyapres lagi,2024-07-22T07:28:31Z,joe biden memang pantas untuk mundur daripada ikut nyapres lagi,joe biden memang pantas untuk mundur daripada ikut nyapres lagi,"['joe', 'biden', 'memang', 'pantas', 'untuk', 'mundur', 'daripada', 'ikut', 'nyapres', 'lagi']","['joe', 'biden', 'mundur', 'nyapres']",joe biden mundur nyapres,Joe Biden resigns as president,0.0,neutral
2024-07-22T07:12:02Z,@jatipelem6895,FE4iq7BzZAA,"Bagus,jika kondisi tubuh tidak mampu mediangan mundur merusak tata negaranya menimbulkan kekacauan dan permasalah.NKRI milik rakyat Indonesia berideologi Pancasila maka merusakan keutuhan NKRI dan tidak merubah bisa merubah sistem negara dan pemerintahan di NKRI.NKRI bukan milik pejabat berkuasa dan PNS yang bertindak semaunya untuk pribadi dan golongan.NKRI hasil perjuangan kemerdekaan dari rakyat Indonesia berideologi Pancasila dan tidak sistem dinasti atau kerajaan oleh oknum penjabat berkuasa.pilpres dan pilkada sebagai sarana demokrasi pancasila.menjadi presiden dan kepala dipilih oleh rakyat berarti ada ditangan rakyat membuktikan negara milik rakyat.Menjadi presiden dan kepala daerah harus kepentingan rakyat bukan kepentingan pejabat dan PNS yang tujuan untuk menjalankan amanat rakyat dan melayani rakyat.",2024-07-22T07:13:23Z,bagusjika kondisi tubuh tidak mampu mediangan mundur merusak tata negaranya menimbulkan kekacauan dan permasalah nkri milik rakyat indonesia berideologi pancasila maka merusakan keutuhan nkri dan tidak merubah bisa merubah sistem negara dan pemerintahan di nkri nkri bukan milik pejabat berkuasa dan pns yang bertindak semaunya untuk pribadi dan golongan nkri hasil perjuangan kemerdekaan dari rakyat indonesia berideologi pancasila dan tidak sistem dinasti atau kerajaan oleh oknum penjabat berkuasa pilpres dan pilkada sebagai sarana demokrasi pancasila menjadi presiden dan kepala dipilih oleh rakyat berarti ada ditangan rakyat membuktikan negara milik rakyat menjadi presiden dan kepala daerah harus kepentingan rakyat bukan kepentingan pejabat dan pns yang tujuan untuk menjalankan amanat rakyat dan melayani rakyat,bagusjika kondisi tubuh tidak mampu mediangan mundur merusak tata negaranya menimbulkan kekacauan dan permasalah nkri milik rakyat indonesia berideologi pancasila maka merusakan keutuhan nkri dan tidak merubah bisa merubah sistem negara dan pemerintahan di nkri nkri bukan milik pejabat berkuasa dan pns yang bertindak semaunya untuk pribadi dan golongan nkri hasil perjuangan kemerdekaan dari rakyat indonesia berideologi pancasila dan tidak sistem dinasti atau kerajaan oleh oknum penjabat berkuasa pilpres dan pilkada sebagai sarana demokrasi pancasila menjadi presiden dan kepala dipilih oleh rakyat berarti ada ditangan rakyat membuktikan negara milik rakyat menjadi presiden dan kepala daerah harus kepentingan rakyat bukan kepentingan pejabat dan pns yang tujuan untuk menjalankan amanat rakyat dan melayani rakyat,"['bagusjika', 'kondisi', 'tubuh', 'tidak', 'mampu', 'mediangan', 'mundur', 'merusak', 'tata', 'negaranya', 'menimbulkan', 'kekacauan', 'dan', 'permasalah', 'nkri', 'milik', 'rakyat', 'indonesia', 'berideologi', 'pancasila', 'maka', 'merusakan', 'keutuhan', 'nkri', 'dan', 'tidak', 'merubah', 'bisa', 'merubah', 'sistem', 'negara', 'dan', 'pemerintahan', 'di', 'nkri', 'nkri', 'bukan', 'milik', 'pejabat', 'berkuasa', 'dan', 'pns', 'yang', 'bertindak', 'semaunya', 'untuk', 'pribadi', 'dan', 'golongan', 'nkri', 'hasil', 'perjuangan', 'kemerdekaan', 'dari', 'rakyat', 'indonesia', 'berideologi', 'pancasila', 'dan', 'tidak', 'sistem', 'dinasti', 'atau', 'kerajaan', 'oleh', 'oknum', 'penjabat', 'berkuasa', 'pilpres', 'dan', 'pilkada', 'sebagai', 'sarana', 'demokrasi', 'pancasila', 'menjadi', 'presiden', 'dan', 'kepala', 'dipilih', 'oleh', 'rakyat', 'berarti', 'ada', 'ditangan', 'rakyat', 'membuktikan', 'negara', 'milik', 'rakyat', 'menjadi', 'presiden', 'dan', 'kepala', 'daerah', 'harus', 'kepentingan', 'rakyat', 'bukan', 'kepentingan', 'pejabat', 'dan', 'pns', 'yang', 'tujuan', 'untuk', 'menjalankan', 'amanat', 'rakyat', 'dan', 'melayani', 'rakyat']","['bagusjika', 'kondisi', 'tubuh', 'mediangan', 'mundur', 'merusak', 'tata', 'negaranya', 'menimbulkan', 'kekacauan', 'permasalah', 'nkri', 'milik', 'rakyat', 'indonesia', 'berideologi', 'pancasila', 'merusakan', 'keutuhan', 'nkri', 'merubah', 'merubah', 'sistem', 'negara', 'pemerintahan', 'nkri', 'nkri', 'milik', 'pejabat', 'berkuasa', 'pns', 'bertindak', 'pribadi', 'golongan', 'nkri', 'hasil', 'perjuangan', 'kemerdekaan', 'rakyat', 'indonesia', 'berideologi', 'pancasila', 'sistem', 'dinasti', 'kerajaan', 'oknum', 'penjabat', 'berkuasa', 'pilpres', 'pilkada', 'sarana', 'demokrasi', 'pancasila', 'presiden', 'kepala', 'dipilih', 'rakyat', 'ditangan', 'rakyat', 'membuktikan', 'negara', 'milik', 'rakyat', 'presiden', 'kepala', 'daerah', 'kepentingan', 'rakyat', 'kepentingan', 'pejabat', 'pns', 'tujuan', 'menjalankan', 'amanat', 'rakyat', 'melayani', 'rakyat']",bagusjika kondisi tubuh mediangan mundur rusak tata negara timbul kacau masa nkri milik rakyat indonesia ideologi pancasila rusa utuh nkri rubah rubah sistem negara perintah nkri nkri milik jabat kuasa pns tindak pribadi golong nkri hasil juang merdeka rakyat indonesia ideologi pancasila sistem dinasti raja oknum jabat kuasa pilpres pilkada sarana demokrasi pancasila presiden kepala pilih rakyat tang rakyat bukti negara milik rakyat presiden kepala daerah penting rakyat penting jabat pns tuju jalan amanat rakyat layan rakyat,"good if the condition of the body in the middle of retreat is damaged, the state system appears chaotic, the time of the nkri belongs to the Indonesian people, the ideology of Pancasila, the deer is intact, the nkri is a fox, the state system, the order of the nkri, the nkri, belongs to the position of power of attorney for the civil servants, the personal actions of the nkri, the results of the Indonesian people's freedom struggle, the ideology of the Pancasila, the system of the king's dynasty, the person who holds the power of attorney for the presidential election, the regional elections the means of Pancasila democracy, the president, the head, chooses the people, the people, the proof that the state belongs to the people, the president, the head of an important region, the important people, the position of civil servant, the path of the mandate of the people, serve the people",0.3,positive
2024-07-22T06:48:10Z,@ddyy152,FE4iq7BzZAA,"Di Amerika presiden nya punya etika, tdk seperti di negeri Konoha,udah melanggar konstitusi malah ngajak anak mantu jadi penguasa",2024-07-22T06:48:10Z,di amerika presiden nya punya etika tdk seperti di negeri konohaudah melanggar konstitusi malah ngajak anak mantu jadi penguasa,di amerika presiden ya punya etika tidak seperti di negeri konohaudah melanggar konstitusi malah mengajak anak mantu jadi penguasa,"['di', 'amerika', 'presiden', 'ya', 'punya', 'etika', 'tidak', 'seperti', 'di', 'negeri', 'konohaudah', 'melanggar', 'konstitusi', 'malah', 'mengajak', 'anak', 'mantu', 'jadi', 'penguasa']","['amerika', 'presiden', 'etika', 'negeri', 'konohaudah', 'melanggar', 'konstitusi', 'mengajak', 'anak', 'mantu', 'penguasa']",amerika presiden etika negeri konohaudah langgar konstitusi ajak anak mantu kuasa,"America's president, Konohau's country's ethics, has violated the constitution, inviting his son-in-law to power",0.0,neutral
2024-07-22T06:43:08Z,@johaneslerius9074,FE4iq7BzZAA,Klo di negeri wakanda boss beda malahan bangun dynasti contohnya si wowoğŸ˜‚ğŸ˜‚ğŸ˜‚,2024-07-22T06:43:08Z,klo di negeri wakanda boss beda malahan bangun dynasti contohnya si wowo,kalau di negeri wakanda bos beda malahan bangun dynasti contohnya sih wowo,"['kalau', 'di', 'negeri', 'wakanda', 'bos', 'beda', 'malahan', 'bangun', 'dynasti', 'contohnya', 'sih', 'wowo']","['negeri', 'wakanda', 'bos', 'beda', 'bangun', 'dynasti', 'contohnya', 'sih', 'wowo']",negeri wakanda bos beda bangun dynasti contoh sih wowo,"The state of Wakanda is different, the boss is building a dynasty, for example, wow",0.05,positive
2024-07-22T06:41:46Z,@user-tc6mi6su7c,FE4iq7BzZAA,Kalau Biden mundur.ancaman ke trump di anggap setting.,2024-07-22T06:41:46Z,kalau biden mundur ancaman ke trump di anggap setting,kalau biden mundur ancaman ke trump di anggap setting,"['kalau', 'biden', 'mundur', 'ancaman', 'ke', 'trump', 'di', 'anggap', 'setting']","['biden', 'mundur', 'ancaman', 'trump', 'anggap', 'setting']",biden mundur ancam trump anggap setting,"Biden resigns, Trump threatens to consider it a setup",0.0,neutral
2024-07-22T06:41:13Z,@BenyWidodo-ru2yp,FE4iq7BzZAA,Ketuaan biden,2024-07-22T06:41:13Z,ketuaan biden,ketuaan biden,"['ketuaan', 'biden']","['ketuaan', 'biden']",ketua biden,chief biden,0.0,neutral
2024-07-22T06:39:02Z,@yoesoef4902,FE4iq7BzZAA,Mundur sebelum berperang,2024-07-22T06:39:02Z,mundur sebelum berperang,mundur sebelum berperang,"['mundur', 'sebelum', 'berperang']","['mundur', 'berperang']",mundur perang,withdraw from war,0.0,neutral
2024-07-22T06:28:21Z,@TheNosferratu,FE4iq7BzZAA,Krn Biden tau klo tetep maju pasti kalah ama Trump makanya mundur,2024-07-22T06:28:21Z,krn biden tau klo tetep maju pasti kalah ama trump makanya mundur,karena biden tau kalau tetap maju pasti kalah sama trump makanya mundur,"['karena', 'biden', 'tau', 'kalau', 'tetap', 'maju', 'pasti', 'kalah', 'sama', 'trump', 'makanya', 'mundur']","['biden', 'tau', 'maju', 'kalah', 'trump', 'mundur']",biden tau maju kalah trump mundur,"Biden knows that going forward is losing, Trump is going backwards",0.0,neutral
2024-07-22T06:19:32Z,@cecepgorbachev3018,FE4iq7BzZAA,Capresnya perempuan lebih bahaya lagi kalau menang pilpres si kemala keturunan india selir yahudi inggris,2024-07-22T06:19:32Z,capresnya perempuan lebih bahaya lagi kalau menang pilpres si kemala keturunan india selir yahudi inggris,capresnya perempuan lebih bahaya lagi kalau menang pilpres sih kemala keturunan india selir yahudi inggris,"['capresnya', 'perempuan', 'lebih', 'bahaya', 'lagi', 'kalau', 'menang', 'pilpres', 'sih', 'kemala', 'keturunan', 'india', 'selir', 'yahudi', 'inggris']","['capresnya', 'perempuan', 'bahaya', 'menang', 'pilpres', 'sih', 'kemala', 'keturunan', 'india', 'selir', 'yahudi', 'inggris']",capresnya perempuan bahaya menang pilpres sih kemala turun india selir yahudi inggris,"It's dangerous for a female presidential candidate to win the presidential election. Last night, India was a British Jewish concubine",0.03333333333333335,positive
2024-07-22T06:15:02Z,@mustaamfadil3171,FE4iq7BzZAA,"Tua Bangka..., calon mayat.",2024-07-22T06:15:02Z,tua bangka calon mayat,tua bangka calon mayat,"['tua', 'bangka', 'calon', 'mayat']","['tua', 'bangka', 'calon', 'mayat']",tua bangka calon mayat,old fart candidate for corpse,0.1,positive
2024-07-22T06:11:53Z,@erwinkumadjawa9497,FE4iq7BzZAA,Joe Biden adalah LEGENDA SELAMANYA: Dia Berprestasi sebagai Wakil Presiden Barrack Obama selama dua periode dan PRESIDEN TERTUA di DUNIA saat TERPILIH PADA 2020â˜€ï¸ Biden is The Sun Shines The World..,2024-07-22T06:11:53Z,joe biden adalah legenda selamanya dia berprestasi sebagai wakil presiden barrack obama selama dua periode dan presiden tertua di dunia saat terpilih pada biden is the sun shines the world,joe biden adalah legenda selamanya dia berprestasi sebagai wakil presiden barrack obama selama dua periode dan presiden tertua di dunia saat terpilih pada biden is the sun shines the world,"['joe', 'biden', 'adalah', 'legenda', 'selamanya', 'dia', 'berprestasi', 'sebagai', 'wakil', 'presiden', 'barrack', 'obama', 'selama', 'dua', 'periode', 'dan', 'presiden', 'tertua', 'di', 'dunia', 'saat', 'terpilih', 'pada', 'biden', 'is', 'the', 'sun', 'shines', 'the', 'world']","['joe', 'biden', 'legenda', 'berprestasi', 'wakil', 'presiden', 'barrack', 'obama', 'periode', 'presiden', 'tertua', 'dunia', 'terpilih', 'biden', 'is', 'the', 'sun', 'shines', 'the', 'world']",joe biden legenda prestasi wakil presiden barrack obama periode presiden tua dunia pilih biden is the sun shines the world,joe biden legend achievements vice president barrack obama presidential period old world vote biden is the sun shines the world,0.1,positive
2024-07-22T06:01:58Z,@raden1776,FE4iq7BzZAA,Setuju mudur..krn cara caranya Berbau Fitnah..demi menjaga nama Biden..Harga Diri segalanya..jgn seprti di Negara kita..Fitnah fitnah eeh..jadi president..Kisah Ratna Sarumpet..,2024-07-22T06:01:58Z,setuju mudur krn cara caranya berbau fitnah demi menjaga nama biden harga diri segalanya jgn seprti di negara kita fitnah fitnah eeh jadi president kisah ratna sarumpet,setuju mudur karena cara caranya berbau fitnah demi menjaga nama biden harga diri segalanya jangan seprti di negara kita fitnah fitnah eeh jadi president kisah ratna sarumpet,"['setuju', 'mudur', 'karena', 'cara', 'caranya', 'berbau', 'fitnah', 'demi', 'menjaga', 'nama', 'biden', 'harga', 'diri', 'segalanya', 'jangan', 'seprti', 'di', 'negara', 'kita', 'fitnah', 'fitnah', 'eeh', 'jadi', 'president', 'kisah', 'ratna', 'sarumpet']","['setuju', 'mudur', 'berbau', 'fitnah', 'menjaga', 'nama', 'biden', 'harga', 'seprti', 'negara', 'fitnah', 'fitnah', 'eeh', 'president', 'kisah', 'ratna', 'sarumpet']",tuju mudur bau fitnah jaga nama biden harga seprti negara fitnah fitnah eeh president kisah ratna sarumpet,head for mudur the smell of slander keep biden's name the price is like a country slander slander eeh president the story of ratna sarumpet,0.0,neutral
2024-07-22T05:54:00Z,@imaloner7523,FE4iq7BzZAA,"Dah ketuaan,disini malah kemudaan ğŸ˜‚ Tunggu 5/10 tahun lagi biar bener2 mateng..",2024-07-22T06:00:28Z,dah ketuaandisini malah kemudaan tunggu tahun lagi biar bener2 mateng,sudah ketuaandisini malah kemudaan tunggu tahun lagi biar benar-benar mateng,"['sudah', 'ketuaandisini', 'malah', 'kemudaan', 'tunggu', 'tahun', 'lagi', 'biar', 'benar-benar', 'mateng']","['ketuaandisini', 'kemudaan', 'tunggu', 'biar', 'benar-benar', 'mateng']",ketuaandisini muda tunggu biar benar mateng,The young leader is waiting for it to mature,0.1,positive
2024-07-22T05:40:23Z,@infonesia5339,FE4iq7BzZAA,Jangan sampe kaya amien rais..,2024-07-22T05:40:23Z,jangan sampe kaya amien rais,jangan sampai kayak amien rais,"['jangan', 'sampai', 'kayak', 'amien', 'rais']","['kayak', 'amien', 'rais']",kayak amien rais,kayak amien rais,0.0,neutral
2024-07-22T05:39:22Z,@falwaechanel,FE4iq7BzZAA,Old man... Wong tuo...,2024-07-22T05:39:22Z,old man wong tuo,old man wong tuo,"['old', 'man', 'wong', 'tuo']","['old', 'man', 'tuo']",old man tuo,old man,0.1,positive
2024-07-22T05:31:07Z,@yantopurnama3164,FE4iq7BzZAA,Kapan Yach Mamarika punya Presiden dari Suku Indian.ğŸ˜ŠğŸ˜ŠğŸ˜ŠğŸ˜Š,2024-07-22T05:31:07Z,kapan yach mamarika punya presiden dari suku indian,kapan ya mamarika punya presiden dari suku indian,"['kapan', 'ya', 'mamarika', 'punya', 'presiden', 'dari', 'suku', 'indian']","['mamarika', 'presiden', 'suku', 'indian']",mamarika presiden suku indian,"Mamarika, President of the Indian Tribe",0.0,neutral
2024-07-22T05:29:06Z,@Yoesoef79,FE4iq7BzZAA,"Gmn gak mundur, d ancem sama pendukung ny, sampe pd demo, penyokong dana jg ngancem",2024-07-22T05:29:06Z,gmn gak mundur d ancem sama pendukung ny sampe pd demo penyokong dana jg ngancem,bagaimana tidak mundur di ancem sama pendukung nya sampai pada demo penyokong dana juga ngancem,"['bagaimana', 'tidak', 'mundur', 'di', 'ancem', 'sama', 'pendukung', 'nya', 'sampai', 'pada', 'demo', 'penyokong', 'dana', 'juga', 'ngancem']","['mundur', 'ancem', 'pendukung', 'nya', 'demo', 'penyokong', 'dana', 'ngancem']",mundur ancem dukung nya demo sokong dana ngancem,"back down, threaten to support him, demo support, threaten him",-0.07777777777777778,negative
2024-07-22T05:13:35Z,@fg7531,FE4iq7BzZAA,BTC TO THE MOON ğŸ‰ğŸ‰,2024-07-22T05:13:35Z,btc to the moon,btc tapi the moon,"['btc', 'tapi', 'the', 'moon']","['btc', 'the', 'moon']",btc the moon,btc the moon,0.0,neutral
2024-07-22T05:10:36Z,@user-yo4bp6so2g,FE4iq7BzZAA,Contoh manusia serakah &amp; rakus kekuasaan.,2024-07-22T05:10:36Z,contoh manusia serakah rakus kekuasaan,contoh manusia serakah rakus kekuasaan,"['contoh', 'manusia', 'serakah', 'rakus', 'kekuasaan']","['contoh', 'manusia', 'serakah', 'rakus', 'kekuasaan']",contoh manusia serakah rakus kuasa,an example of a greedy man who is greedy for power,0.0,neutral
2024-07-22T05:06:15Z,@fitriyanaa,FE4iq7BzZAA,"Ternyata kemaluan orang Ameriki lebih besar dari orang Indonesia. Cawapres bermasalah aja, tanpa ada kemaluan, tetap maju dengan cawe-cawe bapaknya. Shame on you",2024-07-22T05:06:15Z,ternyata kemaluan orang ameriki lebih besar dari orang indonesia cawapres bermasalah aja tanpa ada kemaluan tetap maju dengan cawecawe bapaknya shame on you,ternyata kemaluan orang ameriki lebih besar dari orang indonesia cawapres bermasalah saja tanpa ada kemaluan tetap maju dengan cawecawe bapaknya shame on you,"['ternyata', 'kemaluan', 'orang', 'ameriki', 'lebih', 'besar', 'dari', 'orang', 'indonesia', 'cawapres', 'bermasalah', 'saja', 'tanpa', 'ada', 'kemaluan', 'tetap', 'maju', 'dengan', 'cawecawe', 'bapaknya', 'shame', 'on', 'you']","['kemaluan', 'orang', 'ameriki', 'orang', 'indonesia', 'cawapres', 'bermasalah', 'kemaluan', 'maju', 'cawecawe', 'bapaknya', 'shame', 'on', 'you']",malu orang ameriki orang indonesia cawapres masalah malu maju cawecawe bapak shame on you,"Shame on Americans, Indonesians, vice presidential candidates, shame on running forward, Cawecawe, sir, shame on you",0.0,neutral
2024-07-22T04:57:26Z,@omw2myw661,FE4iq7BzZAA,"Kamala Harris terlalu boneka, gak layak, gak akan bisa kalahin Trump",2024-07-22T04:57:26Z,kamala harris terlalu boneka gak layak gak akan bisa kalahin trump,kamala harris terlalu boneka tidak layak tidak akan bisa kalahin trump,"['kamala', 'harris', 'terlalu', 'boneka', 'tidak', 'layak', 'tidak', 'akan', 'bisa', 'kalahin', 'trump']","['kamala', 'harris', 'boneka', 'layak', 'kalahin', 'trump']",kamala harris boneka layak kalahin trump,Kamala Harris doll deserves to beat Trump,0.0,neutral
2024-07-22T04:54:08Z,@tenyharyati9355,FE4iq7BzZAA,"sekelas amerika tapi soal president election aja bapuk kek gini, kaga ada tokoh laen yang bisa diajuin buat jadi candidate wkwk",2024-07-22T04:54:08Z,sekelas amerika tapi soal president election aja bapuk kek gini kaga ada tokoh laen yang bisa diajuin buat jadi candidate wkwk,sekelas amerika tapi soal president election saja bapuk kayak begini kagak ada tokoh lain yang bisa diajuin buat jadi candidate wkwk,"['sekelas', 'amerika', 'tapi', 'soal', 'president', 'election', 'saja', 'bapuk', 'kayak', 'begini', 'kagak', 'ada', 'tokoh', 'lain', 'yang', 'bisa', 'diajuin', 'buat', 'jadi', 'candidate', 'wkwk']","['sekelas', 'amerika', 'president', 'election', 'bapuk', 'kayak', 'kagak', 'tokoh', 'diajuin', 'candidate', 'wkwk']",kelas amerika president election bapuk kayak kagak tokoh diajuin candidate wkwk,class american presidential election rotten like no figure submitted candidate wkwk,0.0,neutral
2024-07-22T04:52:06Z,@mochamadfahmi4581,FE4iq7BzZAA,Ybs. Sudah terlalu tua,2024-07-22T04:52:06Z,ybs sudah terlalu tua,ybs sudah terlalu tua,"['ybs', 'sudah', 'terlalu', 'tua']","['ybs', 'tua']",ybs tua,old man,0.1,positive
2024-07-22T04:43:02Z,@user-yx6hf3gz2t,FE4iq7BzZAA,Udh tua bau tanah bikin kacau dunia dan bikin perang ajh lu biden,2024-07-22T04:43:02Z,udh tua bau tanah bikin kacau dunia dan bikin perang ajh lu biden,sudah tua bau tanah bikin kacau dunia dan bikin perang saja kamu biden,"['sudah', 'tua', 'bau', 'tanah', 'bikin', 'kacau', 'dunia', 'dan', 'bikin', 'perang', 'saja', 'kamu', 'biden']","['tua', 'bau', 'tanah', 'bikin', 'kacau', 'dunia', 'bikin', 'perang', 'biden']",tua bau tanah bikin kacau dunia bikin perang biden,"The old man is making a mess in the world, making Biden war",-0.03749999999999999,negative
2024-07-22T04:35:09Z,@user-gy6yu8uj8d,FE4iq7BzZAA,Saatnya kirim pak jokowi kesana,2024-07-22T04:35:09Z,saatnya kirim pak jokowi kesana,saatnya kirim pak jokowi kesana,"['saatnya', 'kirim', 'pak', 'jokowi', 'kesana']","['kirim', 'jokowi', 'kesana']",kirim jokowi kesana,send jokowi there,0.0,neutral
2024-07-22T04:26:46Z,@johnnypitstop1095,FE4iq7BzZAA,"Puji Tuhan, mereda semua perang....",2024-07-22T04:26:46Z,puji tuhan mereda semua perang,puji tuhan mereda semua perang,"['puji', 'tuhan', 'mereda', 'semua', 'perang']","['puji', 'tuhan', 'mereda', 'perang']",puji tuhan reda perang,praise god the war subsides,0.0,neutral
2024-07-22T04:18:38Z,@bagusirfan523,FE4iq7BzZAA,APAKAH THE SIMSON AKAN TERJADI LAGI,2024-07-22T04:18:38Z,apakah the simson akan terjadi lagi,apakah the simson akan terjadi lagi,"['apakah', 'the', 'simson', 'akan', 'terjadi', 'lagi']","['the', 'simson']",the simson,the simson,0.0,neutral
2024-07-22T04:12:50Z,@sintamelinda-jn9oy,FE4iq7BzZAA,Mundurlah sudh bau tanah,2024-07-22T04:12:50Z,mundurlah sudh bau tanah,mundurlah sudah bau tanah,"['mundurlah', 'sudah', 'bau', 'tanah']","['mundurlah', 'bau', 'tanah']",mundur bau tanah,back the smell of earth,0.0,neutral
2024-07-22T04:05:28Z,@insansangersanger243,FE4iq7BzZAA,Kenapa ngak dr pertama ..jalan aja kayak anak baru belajar jatoh2..donald aja bagus,2024-07-22T04:05:28Z,kenapa ngak dr pertama jalan aja kayak anak baru belajar jatoh2 donald aja bagus,kenapa tidak dari pertama jalan saja kayak anak baru belajar jatoh2 donald saja bagus,"['kenapa', 'tidak', 'dari', 'pertama', 'jalan', 'saja', 'kayak', 'anak', 'baru', 'belajar', 'jatoh2', 'donald', 'saja', 'bagus']","['jalan', 'kayak', 'anak', 'belajar', 'jatoh2', 'donald', 'bagus']",jalan kayak anak ajar jatoh2 donald bagus,walking like a child taught by Donald is good,0.7,positive
2024-07-22T03:58:28Z,@user-yu4rk9qe9v,FE4iq7BzZAA,Sejarah mencatat kakek ini adalah seorang pembunuh anak&quot; di Gaza.,2024-07-22T03:58:28Z,sejarah mencatat kakek ini adalah seorang pembunuh anak di gaza,sejarah mencatat kakek ini adalah seorang pembunuh anak di gaza,"['sejarah', 'mencatat', 'kakek', 'ini', 'adalah', 'seorang', 'pembunuh', 'anak', 'di', 'gaza']","['sejarah', 'mencatat', 'kakek', 'pembunuh', 'anak', 'gaza']",sejarah catat kakek bunuh anak gaza,History records that grandfather killed Gazan children,-0.2,negative
2024-07-22T03:51:05Z,@aajat9133,FE4iq7BzZAA,US krisis pemimpin,2024-07-22T03:51:05Z,us krisis pemimpin,us krisis pemimpin,"['us', 'krisis', 'pemimpin']","['us', 'krisis', 'pemimpin']",us krisis pimpin,us crisis lead,0.0,neutral
2024-07-22T03:47:53Z,@JasJFatku,FE4iq7BzZAA,Wah klo Trump menang makin babar anak didik US di palestina ğŸ˜…,2024-07-22T03:47:53Z,wah klo trump menang makin babar anak didik us di palestina,wah kalau trump menang makin babar anak didik us di palestina,"['wah', 'kalau', 'trump', 'menang', 'makin', 'babar', 'anak', 'didik', 'us', 'di', 'palestina']","['trump', 'menang', 'babar', 'anak', 'didik', 'us', 'palestina']",trump menang babar anak didik us palestina,Trump wins to destroy US Palestinian students,0.04999999999999999,positive
2024-07-22T03:43:51Z,@cristianomadeira_7136,FE4iq7BzZAA,Opo opo kok dibandengke. Kopokkkkk,2024-07-22T03:43:51Z,opo opo kok dibandengke kopokkkkk,opo opo kok dibandengke kopokkkkk,"['opo', 'opo', 'kok', 'dibandengke', 'kopokkkkk']","['opo', 'opo', 'dibandengke', 'kopokkkkk']",opo opo dibandengke kopokkkkk,yes yes compared to kopokkkkk,0.0,neutral
2024-07-22T03:43:33Z,@cristianomadeira_7136,FE4iq7BzZAA,Orasah mbandengne karo endonesa juu,2024-07-22T03:44:07Z,orasah mbandengne karo endonesa juu,orasah mbandengne karo endonesa juu,"['orasah', 'mbandengne', 'karo', 'endonesa', 'juu']","['orasah', 'mbandengne', 'karo', 'endonesa', 'juu']",orasah mbandengne karo endonesa juu,orasah mbandengne karo endonesa juu,0.0,neutral
2024-07-22T03:39:44Z,@Bram331,FE4iq7BzZAA,Udah pikun....zelenski di bilang putin.. Nanti paman kim dibilang donald,2024-07-22T03:39:44Z,udah pikun zelenski di bilang putin nanti paman kim dibilang donald,sudah pikun zelenski di bilang putin nanti paman kim dibilang donald,"['sudah', 'pikun', 'zelenski', 'di', 'bilang', 'putin', 'nanti', 'paman', 'kim', 'dibilang', 'donald']","['pikun', 'zelenski', 'bilang', 'putin', 'paman', 'kim', 'dibilang', 'donald']",pikun zelenski bilang putin paman kim bilang donald,dementia zelenski says putin uncle kim says donald,0.0,neutral
2024-07-22T03:39:02Z,@coolinspirefunnybook1289,FE4iq7BzZAA,"amerika biar bisa salah langkah bisa bangkit lagi karena sistemnya bagus.self correct.<br>kalo indonesia da sistem bobrok2x bobrok terus.presiden satu bisa ganti presiden lain,tapi budaya korup jalan terus krn sistem birokrasi da bobrok akut.<br>kapan indonesia bisa self correct dari budaya korupsi ?",2024-07-22T03:39:02Z,amerika biar bisa salah langkah bisa bangkit lagi karena sistemnya bagus self correct kalo indonesia da sistem bobrok2x bobrok terus presiden satu bisa ganti presiden laintapi budaya korup jalan terus krn sistem birokrasi da bobrok akut kapan indonesia bisa self correct dari budaya korupsi,amerika biar bisa salah langkah bisa bangkit lagi karena sistemnya bagus self correct kalau indonesia dah sistem bobrok2x bobrok terus presiden satu bisa ganti presiden laintapi budaya korup jalan terus karena sistem birokrasi dah bobrok akut kapan indonesia bisa self correct dari budaya korupsi,"['amerika', 'biar', 'bisa', 'salah', 'langkah', 'bisa', 'bangkit', 'lagi', 'karena', 'sistemnya', 'bagus', 'self', 'correct', 'kalau', 'indonesia', 'dah', 'sistem', 'bobrok2x', 'bobrok', 'terus', 'presiden', 'satu', 'bisa', 'ganti', 'presiden', 'laintapi', 'budaya', 'korup', 'jalan', 'terus', 'karena', 'sistem', 'birokrasi', 'dah', 'bobrok', 'akut', 'kapan', 'indonesia', 'bisa', 'self', 'correct', 'dari', 'budaya', 'korupsi']","['amerika', 'biar', 'salah', 'langkah', 'bangkit', 'sistemnya', 'bagus', 'self', 'correct', 'indonesia', 'dah', 'sistem', 'bobrok2x', 'bobrok', 'presiden', 'ganti', 'presiden', 'laintapi', 'budaya', 'korup', 'jalan', 'sistem', 'birokrasi', 'dah', 'bobrok', 'akut', 'indonesia', 'self', 'correct', 'budaya', 'korupsi']",amerika biar salah langkah bangkit sistem bagus self correct indonesia dah sistem bobrok2x bobrok presiden ganti presiden laintapi budaya korup jalan sistem birokrasi dah bobrok akut indonesia self correct budaya korupsi,"America, let it take a wrong step, get up, have a good system, self-correct, Indonesia is a dilapidated system, the president has changed to another president, but the culture of corruption is running, the bureaucratic system is really dilapidated, Indonesia is self-correct, the culture of corruption",0.13333333333333333,positive
2024-07-22T03:36:10Z,@fuadibontot6012,FE4iq7BzZAA,Obama masih bisa nyalon engga si?,2024-07-22T03:36:10Z,obama masih bisa nyalon engga si,obama masih bisa nyalon tidak sih,"['obama', 'masih', 'bisa', 'nyalon', 'tidak', 'sih']","['obama', 'nyalon', 'sih']",obama nyalon sih,Obama is running,0.0,neutral
2024-07-22T03:31:37Z,@Rangga-sx5bx,FE4iq7BzZAA,Menang trump,2024-07-22T03:31:37Z,menang trump,menang trump,"['menang', 'trump']","['menang', 'trump']",menang trump,Trump wins,0.3,positive
2024-07-22T03:30:42Z,@gymtube6276,FE4iq7BzZAA,Dan ahirnya Zelenski mendadak menggelar KTT perdamain di Kyiv dan sekarang russia di undang ğŸ¤£,2024-07-22T03:30:42Z,dan ahirnya zelenski mendadak menggelar ktt perdamain di kyiv dan sekarang russia di undang,dan ahirnya zelenski mendadak menggelar ktt perdamain di kyiv dan sekarang russia di undang,"['dan', 'ahirnya', 'zelenski', 'mendadak', 'menggelar', 'ktt', 'perdamain', 'di', 'kyiv', 'dan', 'sekarang', 'russia', 'di', 'undang']","['ahirnya', 'zelenski', 'mendadak', 'menggelar', 'ktt', 'perdamain', 'kyiv', 'russia', 'undang']",ahirnya zelenski dadak gelar ktt perdamain kyiv russia undang,"In the end, Zelenski suddenly held an invited Kyiv Russian peace summit",0.0,neutral
2024-07-22T03:29:49Z,@Maniesjengger,FE4iq7BzZAA,Embuktikan presiden di amerika tidak punya power.. Beda sama konoha wkwkw,2024-07-22T03:29:49Z,embuktikan presiden di amerika tidak punya power beda sama konoha wkwkw,embuktikan presiden di amerika tidak punya power beda sama konoha wkwkw,"['embuktikan', 'presiden', 'di', 'amerika', 'tidak', 'punya', 'power', 'beda', 'sama', 'konoha', 'wkwkw']","['embuktikan', 'presiden', 'amerika', 'power', 'beda', 'konoha', 'wkwkw']",embuktikan presiden amerika power beda konoha wkwkw,proving that the American president's power is different from Konoha hahaha,0.06666666666666667,positive
2024-07-22T03:22:40Z,@alura3787,FE4iq7BzZAA,"Yes akhirnya dai nyerah juga ya saatnya jagoan ku yg menang yaitu Donald Trump , semangat buat partai Republik saatnya kemenangan berpihak padamu ,mari saatnya kita kalahkan partai Demokrat",2024-07-22T03:22:40Z,yes akhirnya dai nyerah juga ya saatnya jagoan ku yg menang yaitu donald trump semangat buat partai republik saatnya kemenangan berpihak padamu mari saatnya kita kalahkan partai demokrat,yes akhirnya dai nyerah juga ya saatnya jagoan ku yang menang yaitu donald trump semangat buat partai republik saatnya kemenangan berpihak padamu mari saatnya kita kalahkan partai demokrat,"['yes', 'akhirnya', 'dai', 'nyerah', 'juga', 'ya', 'saatnya', 'jagoan', 'ku', 'yang', 'menang', 'yaitu', 'donald', 'trump', 'semangat', 'buat', 'partai', 'republik', 'saatnya', 'kemenangan', 'berpihak', 'padamu', 'mari', 'saatnya', 'kita', 'kalahkan', 'partai', 'demokrat']","['yes', 'dai', 'nyerah', 'jagoan', 'ku', 'menang', 'donald', 'trump', 'semangat', 'partai', 'republik', 'kemenangan', 'berpihak', 'padamu', 'mari', 'kalahkan', 'partai', 'demokrat']",yes dai nyerah jago ku menang donald trump semangat partai republik menang pihak pada mari kalah partai demokrat,"Yes, if I give up, my champion will win, Donald Trump, the spirit of the Republican Party will win, let's lose, the Democratic Party will lose",0.8,positive
2024-07-22T03:19:56Z,@Musafir_homeless,FE4iq7BzZAA,"Dah tua, suka tidur ketika rapat, sering jatuh dari tangga dan parahnya suka asal ngomong karena mulai pikun.ğŸ˜®.",2024-07-22T03:19:56Z,dah tua suka tidur ketika rapat sering jatuh dari tangga dan parahnya suka asal ngomong karena mulai pikun,sudah tua suka tidur ketika rapat sering jatuh dari tangga dan parahnya suka asal mengomong karena mulai pikun,"['sudah', 'tua', 'suka', 'tidur', 'ketika', 'rapat', 'sering', 'jatuh', 'dari', 'tangga', 'dan', 'parahnya', 'suka', 'asal', 'mengomong', 'karena', 'mulai', 'pikun']","['tua', 'suka', 'tidur', 'rapat', 'jatuh', 'tangga', 'parahnya', 'suka', 'mengomong', 'pikun']",tua suka tidur rapat jatuh tangga parah suka omong pikun,old likes to sleep close falls down the stairs severely likes to talk senile,-0.027777777777777776,negative
2024-07-22T03:11:21Z,@Imman-u7d,FE4iq7BzZAA,Sdh diramalkan Donald Trump akan jadi Presiden USA ğŸ™,2024-07-22T03:11:21Z,sdh diramalkan donald trump akan jadi presiden usa,sudah diramalkan donald trump akan jadi presiden usah,"['sudah', 'diramalkan', 'donald', 'trump', 'akan', 'jadi', 'presiden', 'usah']","['diramalkan', 'donald', 'trump', 'presiden']",ramal donald trump presiden,donald trump's presidential predictions,0.0,neutral
2024-07-22T03:08:05Z,@HealingFamily-op1dj,FE4iq7BzZAA,Bekeng kacau dunia..,2024-07-22T03:08:05Z,bekeng kacau dunia,bekeng kacau dunia,"['bekeng', 'kacau', 'dunia']","['bekeng', 'kacau', 'dunia']",bekeng kacau dunia,screw up the world,0.0,neutral
2024-07-22T03:07:24Z,@indrasetyawan5682,FE4iq7BzZAA,"semoga trump bisa jadi, 5th biden benar-benar sudah mengacaukan dunia sampai Indonesia yang cuma anak manis duduk di pojokan kena banyak getahnya",2024-07-22T03:07:24Z,semoga trump bisa jadi 5th biden benarbenar sudah mengacaukan dunia sampai indonesia yang cuma anak manis duduk di pojokan kena banyak getahnya,semoga trump bisa jadi 5th biden benarbenar sudah mengacaukan dunia sampai indonesia yang cuma anak manis duduk di pojokan kena banyak getahnya,"['semoga', 'trump', 'bisa', 'jadi', '5th', 'biden', 'benarbenar', 'sudah', 'mengacaukan', 'dunia', 'sampai', 'indonesia', 'yang', 'cuma', 'anak', 'manis', 'duduk', 'di', 'pojokan', 'kena', 'banyak', 'getahnya']","['semoga', 'trump', '5th', 'biden', 'benarbenar', 'mengacaukan', 'dunia', 'indonesia', 'anak', 'manis', 'duduk', 'pojokan', 'kena', 'getahnya']",moga trump 5th biden benarbenar acau dunia indonesia anak manis duduk pojok kena getah,"I hope Trump 5th Biden really messes up the Indonesian world, the sweet child sitting in the corner gets the rubber",0.275,positive
2024-07-22T03:07:14Z,@faozanzan4576,FE4iq7BzZAA,Joe Biden mundur luar biasa ngasih kesempatan sama yg muda2,2024-07-22T03:07:14Z,joe biden mundur luar biasa ngasih kesempatan sama yg muda2,joe biden mundur luar biasa mengasih kesempatan sama yang muda2,"['joe', 'biden', 'mundur', 'luar', 'biasa', 'mengasih', 'kesempatan', 'sama', 'yang', 'muda2']","['joe', 'biden', 'mundur', 'mengasih', 'kesempatan', 'muda2']",joe biden mundur asih sempat muda2,joe biden resigns asih was young,0.1,positive
2024-07-22T03:06:00Z,@sandrosihombing9332,FE4iq7BzZAA,"Moga aja Trum,,,,kalah dlm pilpres AS jika Trum menang geo politik dunia akan semakin panas,<br>Karna tram anti muslim.",2024-07-22T03:06:00Z,moga aja trumkalah dlm pilpres as jika trum menang geo politik dunia akan semakin panaskarna tram anti muslim,moga saja trumkalah dalam pilpres as jika trum menang geo politik dunia akan semakin panaskarna tram anti muslim,"['moga', 'saja', 'trumkalah', 'dalam', 'pilpres', 'as', 'jika', 'trum', 'menang', 'geo', 'politik', 'dunia', 'akan', 'semakin', 'panaskarna', 'tram', 'anti', 'muslim']","['moga', 'trumkalah', 'pilpres', 'as', 'trum', 'menang', 'geo', 'politik', 'dunia', 'panaskarna', 'tram', 'anti', 'muslim']",moga trumkalah pilpres as trum menang geo politik dunia panaskarna tram anti muslim,I hope Trump loses the presidential election as Trump wins. World geopolitics is hot because trams are anti-Muslim,0.08333333333333333,positive
2024-07-22T03:04:48Z,@abdurrahmanjoenoes7384,FE4iq7BzZAA,BaguslahğŸ˜…,2024-07-22T03:04:48Z,baguslah,baguslah,['baguslah'],['baguslah'],bagus,Good,0.7,positive
2024-07-22T03:03:57Z,@YulianusEden-ip1eb,FE4iq7BzZAA,"Klu diindonesia diturunkn sampe ke anak cucu ,,,utk jadi pejabat,,,ğŸ˜…",2024-07-22T03:03:57Z,klu diindonesia diturunkn sampe ke anak cucu utk jadi pejabat,kalau diindonesia diturunkn sampai ke anak cucu untuk jadi pejabat,"['kalau', 'diindonesia', 'diturunkn', 'sampai', 'ke', 'anak', 'cucu', 'untuk', 'jadi', 'pejabat']","['diindonesia', 'diturunkn', 'anak', 'cucu', 'pejabat']",indonesia diturunkn anak cucu jabat,Indonesia has been passed down by its descendants to positions of power,-0.15555555555555556,negative
2024-07-22T03:02:05Z,@arismustofa4029,FE4iq7BzZAA,"setelah gagal &quot;head shot&quot; Trump, dia sadar gak bakaL menang lawan Trump",2024-07-22T03:02:05Z,setelah gagal head shot trump dia sadar gak bakal menang lawan trump,setelah gagal head shot trump dia sadar tidak bakal menang lawan trump,"['setelah', 'gagal', 'head', 'shot', 'trump', 'dia', 'sadar', 'tidak', 'bakal', 'menang', 'lawan', 'trump']","['gagal', 'head', 'shot', 'trump', 'sadar', 'menang', 'lawan', 'trump']",gagal head shot trump sadar menang lawan trump,failed head shot trump realized he won against trump,-0.5,negative
2024-07-22T03:00:54Z,@Faqih3092,FE4iq7BzZAA,Kakek pelindung zionis,2024-07-22T03:00:54Z,kakek pelindung zionis,kakek pelindung zionis,"['kakek', 'pelindung', 'zionis']","['kakek', 'pelindung', 'zionis']",kakek lindung zionis,Zionist protective grandfather,0.0,neutral
2024-07-22T02:53:44Z,@natashaabreyaa,FE4iq7BzZAA,ok,2024-07-22T02:53:44Z,ok,ok,['ok'],['ok'],ok,ok,0.5,positive
2024-07-22T02:52:30Z,@sopian5758,FE4iq7BzZAA,Amin amin amin ya tuhan Allah amin amin kau harus bertanggung  jawab di hadapan tuhan Allah amin amin amin,2024-07-22T02:52:30Z,amin amin amin ya tuhan allah amin amin kau harus bertanggung jawab di hadapan tuhan allah amin amin amin,amin amin amin ya tuhan allah amin amin kau harus bertanggung jawab di hadapan tuhan allah amin amin amin,"['amin', 'amin', 'amin', 'ya', 'tuhan', 'allah', 'amin', 'amin', 'kau', 'harus', 'bertanggung', 'jawab', 'di', 'hadapan', 'tuhan', 'allah', 'amin', 'amin', 'amin']","['amin', 'amin', 'amin', 'tuhan', 'allah', 'amin', 'amin', 'kau', 'bertanggung', 'hadapan', 'tuhan', 'allah', 'amin', 'amin', 'amin']",amin amin amin tuhan allah amin amin kau tanggung hadap tuhan allah amin amin amin,amen amen amen god of allah amen amen you are responsible before god allah amen amen amen,0.2,positive
2024-07-22T02:52:00Z,@Billy-t1k,FE4iq7BzZAA,Alhamdulillah....ğŸ˜‚ğŸ˜‚ğŸ˜‚ğŸ˜‚.... kekuasaan mu sudah berakhir....,2024-07-22T02:52:00Z,alhamdulillah kekuasaan mu sudah berakhir,alhamdulillah kekuasaan mu sudah berakhir,"['alhamdulillah', 'kekuasaan', 'mu', 'sudah', 'berakhir']","['alhamdulillah', 'kekuasaan', 'mu']",alhamdulillah kuasa mu,Thank God for your power,0.0,neutral
2024-07-22T02:51:33Z,@ehasoleha2701,FE4iq7BzZAA,Smoga beden di hati tuanya menyadari atas perbuatannya yg salah terhadap Palestina dan di hari tuanya banyak banyak ibadah.,2024-07-22T02:51:33Z,smoga beden di hati tuanya menyadari atas perbuatannya yg salah terhadap palestina dan di hari tuanya banyak banyak ibadah,semoga beden di hati tuanya menyadari atas perbuatannya yang salah terhadap palestina dan di hari tuanya banyak banyak ibadah,"['semoga', 'beden', 'di', 'hati', 'tuanya', 'menyadari', 'atas', 'perbuatannya', 'yang', 'salah', 'terhadap', 'palestina', 'dan', 'di', 'hari', 'tuanya', 'banyak', 'banyak', 'ibadah']","['semoga', 'beden', 'hati', 'tuanya', 'menyadari', 'perbuatannya', 'salah', 'palestina', 'tuanya', 'ibadah']",moga beden hati tua sadar buat salah palestina tua ibadah,hopefully old hearts realize they made a mistake old Palestine worship,0.1,positive
2024-07-22T02:47:49Z,@user-nb9ex9mh4e,FE4iq7BzZAA,Orang pikun sudah sadar bahwa dia sudah tua,2024-07-22T02:47:49Z,orang pikun sudah sadar bahwa dia sudah tua,orang pikun sudah sadar bahwa dia sudah tua,"['orang', 'pikun', 'sudah', 'sadar', 'bahwa', 'dia', 'sudah', 'tua']","['orang', 'pikun', 'sadar', 'tua']",orang pikun sadar tua,senile people are conscious of being old,0.1,positive
2024-07-22T02:47:06Z,@Rizkikk,FE4iq7BzZAA,Jangankan mundur Mati juga lebih baik,2024-07-22T02:47:06Z,jangankan mundur mati juga lebih baik,jangankan mundur mati juga lebih baik,"['jangankan', 'mundur', 'mati', 'juga', 'lebih', 'baik']","['mundur', 'mati']",mundur mati,back off,0.0,neutral
2024-07-22T02:39:28Z,@ridwanharyanto3203,FE4iq7BzZAA,Pak joe biden mundur akan meningkat suara capres dari partai demokrat...,2024-07-22T02:39:28Z,pak joe biden mundur akan meningkat suara capres dari partai demokrat,pak joe biden mundur akan meningkat suara capres dari partai demokrat,"['pak', 'joe', 'biden', 'mundur', 'akan', 'meningkat', 'suara', 'capres', 'dari', 'partai', 'demokrat']","['joe', 'biden', 'mundur', 'meningkat', 'suara', 'capres', 'partai', 'demokrat']",joe biden mundur tingkat suara capres partai demokrat,Joe Biden resigns Democratic presidential candidate's vote level,0.0,neutral
2024-07-22T02:39:22Z,@mhasiswaabadi3448,FE4iq7BzZAA,Khawatirnya nnti klo harus berhadapan dg vladimir putin &amp; xi jinping tidurnya kumat,2024-07-22T02:39:22Z,khawatirnya nnti klo harus berhadapan dg vladimir putin xi jinping tidurnya kumat,khawatirnya nanti kalau harus berhadapan dengan vladimir putin xi jinping tidurnya kumat,"['khawatirnya', 'nanti', 'kalau', 'harus', 'berhadapan', 'dengan', 'vladimir', 'putin', 'xi', 'jinping', 'tidurnya', 'kumat']","['khawatirnya', 'berhadapan', 'vladimir', 'putin', 'xi', 'jinping', 'tidurnya', 'kumat']",khawatir hadap vladimir putin xi jinping tidur kumat,worried about Vladimir Putin Xi Jinping sleeping again,0.0,neutral
2024-07-22T02:38:45Z,@user-tf3hh2nx8w,FE4iq7BzZAA,"insyaAllah, mundur nya Jojo akan langsung stroke atas kekejaman yg dilakukannya terhadap masyarakat Gaza Palestina. .",2024-07-22T02:38:45Z,insyaallah mundur nya jojo akan langsung stroke atas kekejaman yg dilakukannya terhadap masyarakat gaza palestina,insyaallah mundur ya jojo akan langsung stroke atas kekejaman yang dilakukannya terhadap masyarakat gaza palestina,"['insyaallah', 'mundur', 'ya', 'jojo', 'akan', 'langsung', 'stroke', 'atas', 'kekejaman', 'yang', 'dilakukannya', 'terhadap', 'masyarakat', 'gaza', 'palestina']","['insyaallah', 'mundur', 'jojo', 'langsung', 'stroke', 'kekejaman', 'dilakukannya', 'masyarakat', 'gaza', 'palestina']",insyaallah mundur jojo langsung stroke kejam laku masyarakat gaza palestina,"God willing, Jojo will step down and immediately give a cruel stroke to the people of Gaza, Palestine",-0.30185185185185187,negative
2024-07-22T02:37:54Z,@R.padmosobroto,FE4iq7BzZAA,Di konoha seorang  bocah di hujat di suruh ngaca gak mundur tetep gass wkwkwk,2024-07-22T02:37:54Z,di konoha seorang bocah di hujat di suruh ngaca gak mundur tetep gass wkwkwk,di konoha seorang bocah di hujat di suruh mengaca tidak mundur tetap gass wkwkwk,"['di', 'konoha', 'seorang', 'bocah', 'di', 'hujat', 'di', 'suruh', 'mengaca', 'tidak', 'mundur', 'tetap', 'gass', 'wkwkwk']","['konoha', 'bocah', 'hujat', 'suruh', 'mengaca', 'mundur', 'gass', 'wkwkwk']",konoha bocah hujat suruh kaca mundur gass wkwkwk,where is the blasphemy child telling the page to go back gass wkwkwk,0.0,neutral
2024-07-22T02:37:22Z,@ykwim9536,FE4iq7BzZAA,Mestinya msuk panti jompo nih orang.....,2024-07-22T02:37:22Z,mestinya msuk panti jompo nih orang,mestinya masuk panti jompo nih orang,"['mestinya', 'masuk', 'panti', 'jompo', 'nih', 'orang']","['mestinya', 'masuk', 'panti', 'jompo', 'nih', 'orang']",mesti masuk panti jompo nih orang,This person must go into a nursing home,0.0,neutral
2024-07-22T02:36:28Z,@DAENG-t1k,FE4iq7BzZAA,"Keputusan biden sdh tepat, dia tak mau memanggung konsikwensi keadaan dunia kedepannya yg akan semakin kacau dengan perang",2024-07-22T02:36:28Z,keputusan biden sdh tepat dia tak mau memanggung konsikwensi keadaan dunia kedepannya yg akan semakin kacau dengan perang,keputusan biden sudah tepat dia tak mau memanggung konsikwensi keadaan dunia kedepannya yang akan semakin kacau dengan perang,"['keputusan', 'biden', 'sudah', 'tepat', 'dia', 'tak', 'mau', 'memanggung', 'konsikwensi', 'keadaan', 'dunia', 'kedepannya', 'yang', 'akan', 'semakin', 'kacau', 'dengan', 'perang']","['keputusan', 'biden', 'memanggung', 'konsikwensi', 'dunia', 'kedepannya', 'kacau', 'perang']",putus biden manggung konsikwensi dunia depan kacau perang,Biden's break up will result in a chaotic future world war,0.0,neutral
2024-07-22T02:33:01Z,@frederikrichardFRANCIS28170,FE4iq7BzZAA,"BRAVO 2ğŸ <br>HALELUJAH <br>PUJI <br>ABBA YAHWEH <br>YANG <br>BERTAHTA <br>DI ATAS <br>KERUBIN <br>KUDUS7X<br>MENGURAPI<br>KAMALA HARRIS <br>FIRST LADY <br>PRESIDENT USğŸ‡ºğŸ‡¸,<br>WELCOME <br>HOME<br>SWEET<br>HOME<br>WHITE HOUSE <br>NAMA<br>TUHAN<br>DI MULIAKAN <br>AMEN.",2024-07-22T02:35:38Z,bravo halelujah puji abba yahweh yang bertahta di atas kerubin kudus7xmengurapikamala harris first lady president uswelcome homesweethomewhite house namatuhandi muliakan amen,bravo halelujah puji abba yahweh yang bertahta di atas kerubin kudus7xmengurapikamala harris first lady president uswelcome homesweethomewhite house namatuhandi muliakan amin,"['bravo', 'halelujah', 'puji', 'abba', 'yahweh', 'yang', 'bertahta', 'di', 'atas', 'kerubin', 'kudus7xmengurapikamala', 'harris', 'first', 'lady', 'president', 'uswelcome', 'homesweethomewhite', 'house', 'namatuhandi', 'muliakan', 'amin']","['bravo', 'halelujah', 'puji', 'abba', 'yahweh', 'bertahta', 'kerubin', 'kudus7xmengurapikamala', 'harris', 'first', 'lady', 'president', 'uswelcome', 'homesweethomewhite', 'house', 'namatuhandi', 'muliakan', 'amin']",bravo halelujah puji abba yahweh bertahta kerubin kudus7xmengurapikamala harris first lady president uswelcome homesweethomewhite house namatuhandi mulia amin,bravo hallelujah praise abba yahweh enthroned cherubim kudus7xmengurapikamala harris first lady president uswelcome homesweethomewhite house namathudi glorious amen,0.25,positive
2024-07-22T02:31:47Z,@muhammadthoat1326,FE4iq7BzZAA,Tua bangka mau mati juga,2024-07-22T02:31:47Z,tua bangka mau mati juga,tua bangka mau mati juga,"['tua', 'bangka', 'mau', 'mati', 'juga']","['tua', 'bangka', 'mati']",tua bangka mati,old fart dies,0.1,positive
2024-07-22T02:30:43Z,@rofikngalam8699,FE4iq7BzZAA,Pak tua..... 81 th <br>Mundurlah PK TUAAA...<br>BIKIN KACAU DUNIA,2024-07-22T02:30:43Z,pak tua th mundurlah pk tuaaa bikin kacau dunia,pak tua tahu mundurlah pakai tuaaa bikin kacau dunia,"['pak', 'tua', 'tahu', 'mundurlah', 'pakai', 'tuaaa', 'bikin', 'kacau', 'dunia']","['tua', 'mundurlah', 'pakai', 'tuaaa', 'bikin', 'kacau', 'dunia']",tua mundur pakai tuaaa bikin kacau dunia,the old man goes back and uses the old man to mess up the world,0.0062500000000000056,positive
2024-07-22T02:29:18Z,@ahmadsolihin4514,FE4iq7BzZAA,Udh pikun biden istrht saja rumahğŸ˜‚,2024-07-22T02:29:18Z,udh pikun biden istrht saja rumah,sudah pikun biden istrht saja rumah,"['sudah', 'pikun', 'biden', 'istrht', 'saja', 'rumah']","['pikun', 'biden', 'istrht', 'rumah']",pikun biden istrht rumah,senile biden retires home,0.0,neutral
2024-07-22T02:29:03Z,@BRICS272,FE4iq7BzZAA,Kehancuran amerika sudah didepan mata ... Amerika latin udah mengajukan bergabung dengan brics,2024-07-22T02:29:03Z,kehancuran amerika sudah didepan mata amerika latin udah mengajukan bergabung dengan brics,kehancuran amerika sudah didepan mata amerika latin sudah mengajukan bergabung dengan brics,"['kehancuran', 'amerika', 'sudah', 'didepan', 'mata', 'amerika', 'latin', 'sudah', 'mengajukan', 'bergabung', 'dengan', 'brics']","['kehancuran', 'amerika', 'didepan', 'mata', 'amerika', 'latin', 'mengajukan', 'bergabung', 'brics']",hancur amerika depan mata amerika latin aju gabung brics,"America is destroying before the eyes of Latin America, let's join BRICS",-0.2,negative
2024-07-22T02:28:49Z,@DhaniDhani-g6n,FE4iq7BzZAA,Brapo rusia,2024-07-22T02:28:49Z,brapo rusia,brapo rusia,"['brapo', 'rusia']","['brapo', 'rusia']",brapo rusia,brapo rusia,0.0,neutral
2024-07-22T02:27:55Z,@DineEinstein,FE4iq7BzZAA,"Asyik, bakal perang dunia. <br>Sudah nyiapin bibit singkongğŸ˜‚ ini",2024-07-22T02:27:55Z,asyik bakal perang dunia sudah nyiapin bibit singkong ini,asyik bakal perang dunia sudah nyiapin bibit singkong ini,"['asyik', 'bakal', 'perang', 'dunia', 'sudah', 'nyiapin', 'bibit', 'singkong', 'ini']","['asyik', 'perang', 'dunia', 'nyiapin', 'bibit', 'singkong']",asyik perang dunia nyiapin bibit singkong,having fun preparing cassava seeds for the world war,0.3,positive
2024-07-22T02:27:41Z,@luqar1f,FE4iq7BzZAA,"Kakek biden mundur, otomatis paman zelensky jantungan, makan tak kenyang tidur tak sleeping, kuatir uwak Sam cabut semua pasokan senjata buat hadapin pakde Putin al naser bin stalin ğŸ˜‚ğŸ˜‚ğŸ˜‚ğŸ˜‚ğŸ˜‚ğŸ˜‚ğŸ˜‚",2024-07-22T02:27:41Z,kakek biden mundur otomatis paman zelensky jantungan makan tak kenyang tidur tak sleeping kuatir uwak sam cabut semua pasokan senjata buat hadapin pakde putin al naser bin stalin,kakek biden mundur otomatis paman zelensky jantungan makan tak kenyang tidur tak sleeping kuatir uwak sama cabut semua pasokan senjata buat menghadapi pakde putin al naser bin stalin,"['kakek', 'biden', 'mundur', 'otomatis', 'paman', 'zelensky', 'jantungan', 'makan', 'tak', 'kenyang', 'tidur', 'tak', 'sleeping', 'kuatir', 'uwak', 'sama', 'cabut', 'semua', 'pasokan', 'senjata', 'buat', 'menghadapi', 'pakde', 'putin', 'al', 'naser', 'bin', 'stalin']","['kakek', 'biden', 'mundur', 'otomatis', 'paman', 'zelensky', 'jantungan', 'makan', 'kenyang', 'tidur', 'sleeping', 'kuatir', 'uwak', 'cabut', 'pasokan', 'senjata', 'menghadapi', 'pakde', 'putin', 'al', 'naser', 'bin', 'stalin']",kakek biden mundur otomatis paman zelensky jantung makan kenyang tidur sleeping kuatir uwak cabut pasok senjata hadap pakde putin al naser bin stalin,"Grandpa Biden resigns automatically, Uncle Zelensky, heart, eat full, sleep, worry, uwak removes weapons supply, face Pak Putin, Al Naser Bin Stalin",0.35,positive
2024-07-22T02:21:58Z,@hijajNurul,FE4iq7BzZAA,Perang dunia â¤â¤,2024-07-22T02:21:58Z,perang dunia,perang dunia,"['perang', 'dunia']","['perang', 'dunia']",perang dunia,world War,0.0,neutral
2024-07-22T02:15:52Z,@nebogaracia1218,FE4iq7BzZAA,Hmmm makin aneh nih Amerika keknya,2024-07-22T02:15:52Z,hmmm makin aneh nih amerika keknya,hmmm makin aneh nih amerika kayaknya,"['hmmm', 'makin', 'aneh', 'nih', 'amerika', 'kayaknya']","['hmmm', 'aneh', 'nih', 'amerika', 'kayaknya']",hmmm aneh nih amerika kayak,"hmmm, America is strange",-0.05,negative
